{
 "actions": [],
 "creation": "2021-05-04 19:01:15.171337",
 "doctype": "DocType",
 "editable_grid": 1,
 "engine": "InnoDB",
 "field_order": [
  "shopify_location_id",
  "shopify_location_name",
  "erpnext_warehouse"
 ],
 "fields": [
  {
   "fieldname": "erpnext_warehouse",
   "fieldtype": "Link",
   "in_list_view": 1,
   "label": "ERPNext Warehouse",
   "options": "Warehouse"
  },
  {
   "fieldname": "shopify_location_id",
   "fieldtype": "Data",
   "in_list_view": 1,
   "label": "Shopify Location ID",
   "read_only": 1,
   "reqd": 1
  },
  {
   "fieldname": "shopify_location_name",
   "fieldtype": "Data",
   "in_list_view": 1,
   "label": "Shopify Location Name",
   "read_only": 1,
   "reqd": 1
  }
 ],
 "index_web_pages_for_search": 1,
 "istable": 1,
 "links": [],
 "modified": "2021-05-04 19:13:13.712708",
 "modified_by": "Administrator",
 "module": "Shopify",
 "name": "Shopify Warehouse Mapping",
 "owner": "Administrator",
 "permissions": [],
 "sort_field": "modified",
 "sort_order": "DESC",
 "track_changes": 1
}