{
 "actions": [],
 "creation": "2021-09-20 19:30:34.709746",
 "doctype": "DocType",
 "engine": "InnoDB",
 "field_order": [
  "sales_invoice",
  "shipping_package_code",
  "unicommerce_sales_order",
  "awb_no",
  "shipping_address",
  "item_list",
  "facility_code",
  "awb_barcode"
 ],
 "fields": [
  {
   "fieldname": "shipping_package_code",
   "fieldtype": "Data",
   "in_list_view": 1,
   "label": "Shipping Package Code",
   "print_hide": 1,
   "read_only": 1
  },
  {
   "fieldname": "sales_invoice",
   "fieldtype": "Link",
   "in_list_view": 1,
   "label": "Sales Invoice",
   "options": "Sales Invoice",
   "print_hide": 1,
   "reqd": 1
  },
  {
   "fieldname": "unicommerce_sales_order",
   "fieldtype": "Data",
   "in_list_view": 1,
   "label": "Unicommerce Sales Order",
   "read_only": 1
  },
  {
   "fieldname": "awb_no",
   "fieldtype": "Data",
   "label": "AWB Number",
   "read_only": 1
  },
  {
   "fieldname": "shipping_address",
   "fieldtype": "Text",
   "label": "Shipping Address",
   "read_only": 1
  },
  {
   "fieldname": "item_list",
   "fieldtype": "Small Text",
   "label": "Item List",
   "read_only": 1
  },
  {
   "fieldname": "facility_code",
   "fieldtype": "Data",
   "label": "Facility Code",
   "read_only": 1
  },
  {
   "fieldname": "awb_barcode",
   "fieldtype": "Barcode",
   "label": "AWB Barcode"
  }
 ],
 "index_web_pages_for_search": 1,
 "istable": 1,
 "links": [],
 "modified": "2021-11-08 12:57:33.054917",
 "modified_by": "Administrator",
 "module": "unicommerce",
 "name": "Unicommerce Manifest Item",
 "owner": "Administrator",
 "permissions": [],
 "sort_field": "modified",
 "sort_order": "DESC",
 "track_changes": 1
}