{
 "actions": [],
 "creation": "2021-06-17 12:42:02.012702",
 "doctype": "DocType",
 "engine": "InnoDB",
 "field_order": [
  "enabled",
  "unicommerce_facility_code",
  "erpnext_warehouse",
  "column_break_2",
  "return_warehouse",
  "company_address",
  "dispatch_address"
 ],
 "fields": [
  {
   "fieldname": "unicommerce_facility_code",
   "fieldtype": "Data",
   "in_list_view": 1,
   "label": "Unicommerce Facility Code",
   "reqd": 1
  },
  {
   "fieldname": "erpnext_warehouse",
   "fieldtype": "Link",
   "in_list_view": 1,
   "label": "ERPNext Warehouse",
   "options": "Warehouse",
   "reqd": 1
  },
  {
   "default": "1",
   "fieldname": "enabled",
   "fieldtype": "Check",
   "in_list_view": 1,
   "label": "Enabled"
  },
  {
   "fieldname": "column_break_2",
   "fieldtype": "Column Break"
  },
  {
   "fieldname": "return_warehouse",
   "fieldtype": "Link",
   "label": "Return Warehouse",
   "options": "Warehouse",
   "reqd": 1
  },
  {
   "fieldname": "company_address",
   "fieldtype": "Link",
   "label": "Company Address",
   "options": "Address"
  },
  {
   "fieldname": "dispatch_address",
   "fieldtype": "Link",
   "label": "Dispatch Address",
   "options": "Address"
  }
 ],
 "index_web_pages_for_search": 1,
 "istable": 1,
 "links": [],
 "modified": "2023-05-12 14:06:13.182121",
 "modified_by": "Administrator",
 "module": "unicommerce",
 "name": "Unicommerce Warehouses",
 "owner": "Administrator",
 "permissions": [],
 "sort_field": "modified",
 "sort_order": "DESC",
 "states": [],
 "track_changes": 1
}