{
 "actions": [],
 "allow_rename": 1,
 "creation": "2023-07-28 21:59:03.809862",
 "default_view": "List",
 "doctype": "DocType",
 "editable_grid": 1,
 "engine": "InnoDB",
 "field_order": [
  "amazon_field",
  "column_break_eww7",
  "item_field",
  "use_to_find_item_code"
 ],
 "fields": [
  {
   "fieldname": "amazon_field",
   "fieldtype": "Data",
   "in_list_view": 1,
   "label": "Amazon Field",
   "read_only": 1,
   "reqd": 1,
   "unique": 1
  },
  {
   "fieldname": "item_field",
   "fieldtype": "Data",
   "in_list_view": 1,
   "label": "Item Field",
   "mandatory_depends_on": "eval: doc.use_to_find_item_code",
   "unique": 1
  },
  {
   "fieldname": "column_break_eww7",
   "fieldtype": "Column Break"
  },
  {
   "default": "0",
   "fieldname": "use_to_find_item_code",
   "fieldtype": "Check",
   "in_list_view": 1,
   "label": "Use To Find Item Code"
  }
 ],
 "index_web_pages_for_search": 1,
 "istable": 1,
 "links": [],
 "modified": "2023-07-29 09:31:42.507679",
 "modified_by": "Administrator",
 "module": "Amazon",
 "name": "Amazon Fields Map",
 "owner": "Administrator",
 "permissions": [],
 "sort_field": "modified",
 "sort_order": "DESC",
 "states": []
}